{
  "initialization_time_control": 0.5882999897003174,
  "execution_time_control": 107.04448986053467,
  "total_time": 107.63278985023499
}