{
  "initialization_time_control": 0.44939589500427246,
  "execution_time_control": 86.2224850654602,
  "total_time": 86.67188096046448
}