{
  "initialization_time_control": 0.44370412826538086,
  "execution_time_control": 186.43308806419373,
  "total_time": 186.8767921924591
}