{
  "initialization_time_control": 0.49500584602355957,
  "execution_time_control": 94.36755299568176,
  "total_time": 94.86255884170532
}