{
  "initialization_time_control": 0.4439411163330078,
  "execution_time_control": 191.59993195533752,
  "total_time": 192.04387307167053
}