{
  "initialization_time_control": 0.4510378837585449,
  "execution_time_control": 158.36458706855774,
  "total_time": 158.81562495231628
}