{
  "initialization_time_planning": 0.5083169937133789,
  "execution_time_planning": 67.93978381156921,
  "total_time": 68.44810080528259
}