{
  "initialization_time_planning": 0.512584924697876,
  "execution_time_planning": 87.21151995658875,
  "total_time": 87.72410488128662
}