{
  "initialization_time_planning": 0.5195178985595703,
  "execution_time_planning": 103.39461183547974,
  "total_time": 103.9141297340393
}