{
  "initialization_time_control": 0.4512810707092285,
  "execution_time_control": 93.008309841156,
  "total_time": 93.45959091186523
}