{
  "initialization_time_control": 0.47371602058410645,
  "execution_time_control": 183.56341099739075,
  "total_time": 184.03712701797485
}