{
  "initialization_time_control": 0.4766349792480469,
  "execution_time_control": 84.60774803161621,
  "total_time": 85.08438301086426
}