{
  "initialization_time_control": 0.45502185821533203,
  "execution_time_control": 69.39659905433655,
  "total_time": 69.85162091255188
}