{
  "initialization_time_control": 0.4694828987121582,
  "execution_time_control": 75.7106659412384,
  "total_time": 76.18014883995056
}