{
  "initialization_time_planning": 0.5119469165802002,
  "execution_time_planning": 72.59108114242554,
  "total_time": 73.10302805900574
}