{
  "initialization_time_planning": 0.5463130474090576,
  "execution_time_planning": 69.87816977500916,
  "total_time": 70.42448282241821
}