{
  "initialization_time_control": 0.46541905403137207,
  "execution_time_control": 137.85700607299805,
  "total_time": 138.32242512702942
}