{
  "initialization_time_control": 0.5999231338500977,
  "execution_time_control": 148.33109092712402,
  "total_time": 148.93101406097412
}