{
  "initialization_time_control": 0.46372103691101074,
  "execution_time_control": 83.12690091133118,
  "total_time": 83.59062194824219
}