{
  "initialization_time_control": 0.4724721908569336,
  "execution_time_control": 120.44230604171753,
  "total_time": 120.91477823257446
}