{
  "initialization_time_control": 0.46736693382263184,
  "execution_time_control": 95.68171977996826,
  "total_time": 96.1490867137909
}