{
  "initialization_time_control": 0.46672797203063965,
  "execution_time_control": 179.96017503738403,
  "total_time": 180.42690300941467
}