{
  "initialization_time_control": 0.462888240814209,
  "execution_time_control": 139.34292197227478,
  "total_time": 139.805810213089
}