{
  "initialization_time_control": 0.5909481048583984,
  "execution_time_control": 115.37222194671631,
  "total_time": 115.9631700515747
}