{
  "initialization_time_control": 0.46001625061035156,
  "execution_time_control": 139.9893250465393,
  "total_time": 140.44934129714966
}