{
  "initialization_time_control": 0.439129114151001,
  "execution_time_control": 189.90951108932495,
  "total_time": 190.34864020347595
}