{
  "initialization_time_control": 0.4604790210723877,
  "execution_time_control": 109.92432999610901,
  "total_time": 110.3848090171814
}