{
  "initialization_time_control": 0.4485020637512207,
  "execution_time_control": 89.51318287849426,
  "total_time": 89.96168494224548
}