{
  "initialization_time_control": 0.5970199108123779,
  "execution_time_control": 118.8672137260437,
  "total_time": 119.46423363685608
}