{
  "initialization_time_control": 0.49390411376953125,
  "execution_time_control": 71.5105459690094,
  "total_time": 72.00445008277893
}