{
  "initialization_time_control": 0.47777700424194336,
  "execution_time_control": 79.4945478439331,
  "total_time": 79.97232484817505
}