{
  "initialization_time_control": 0.4531581401824951,
  "execution_time_control": 64.54235219955444,
  "total_time": 64.99551033973694
}