{
  "initialization_time_control": 0.4690439701080322,
  "execution_time_control": 140.83843684196472,
  "total_time": 141.30748081207275
}