{
  "initialization_time_control": 0.4729008674621582,
  "execution_time_control": 113.54108500480652,
  "total_time": 114.01398587226868
}