{
  "initialization_time_control": 0.473743200302124,
  "execution_time_control": 199.9786159992218,
  "total_time": 200.45235919952393
}