{
  "initialization_time_control": 0.4725069999694824,
  "execution_time_control": 121.32108998298645,
  "total_time": 121.79359698295593
}