{
  "initialization_time_control": 0.46953701972961426,
  "execution_time_control": 125.76502704620361,
  "total_time": 126.23456406593323
}