{
  "initialization_time_control": 0.4773271083831787,
  "execution_time_control": 185.5855450630188,
  "total_time": 186.06287217140198
}