{
  "initialization_time_planning": 0.5174059867858887,
  "execution_time_planning": 100.85551905632019,
  "total_time": 101.37292504310608
}