{
  "initialization_time_control": 0.4918837547302246,
  "execution_time_control": 37.96895694732666,
  "total_time": 38.460840702056885
}