{
  "initialization_time_control": 0.4784419536590576,
  "execution_time_control": 36.00107479095459,
  "total_time": 36.47951674461365
}