{
  "initialization_time_control": 0.4789140224456787,
  "execution_time_control": 39.41960692405701,
  "total_time": 39.898520946502686
}