{
  "initialization_time_control": 0.4794809818267822,
  "execution_time_control": 31.412896156311035,
  "total_time": 31.892377138137817
}