{
  "initialization_time_planning": 0.5231397151947021,
  "execution_time_planning": 101.48415088653564,
  "total_time": 102.00729060173035
}