{
  "initialization_time_planning": 0.5460028648376465,
  "execution_time_planning": 67.56159782409668,
  "total_time": 68.10760068893433
}