{
  "initialization_time_control": 0.45758485794067383,
  "execution_time_control": 153.76864886283875,
  "total_time": 154.22623372077942
}