{
  "initialization_time_control": 0.447037935256958,
  "execution_time_control": 74.53937411308289,
  "total_time": 74.98641204833984
}