{
  "initialization_time_control": 0.4661979675292969,
  "execution_time_control": 100.46643900871277,
  "total_time": 100.93263697624207
}