{
  "initialization_time_control": 0.4602949619293213,
  "execution_time_control": 190.32788109779358,
  "total_time": 190.7881760597229
}