{
  "initialization_time_control": 0.4564070701599121,
  "execution_time_control": 122.41822695732117,
  "total_time": 122.87463402748108
}