{
  "initialization_time_control": 0.515110969543457,
  "execution_time_control": 269.0657739639282,
  "total_time": 269.5808849334717
}