{
  "initialization_time_planning": 0.5460028648376465,
  "execution_time_planning": 67.56159782409668,
  "initialization_time_control": 0.5171787738800049,
  "execution_time_control": 177.1746199131012,
  "total_time": 245.79939937591553
}