{
  "initialization_time_planning": 0.5181760787963867,
  "execution_time_planning": 71.31158185005188,
  "total_time": 71.82975792884827
}