{
  "initialization_time_control": 0.45918774604797363,
  "execution_time_control": 85.99496412277222,
  "total_time": 86.45415186882019
}