{
  "initialization_time_control": 0.44947195053100586,
  "execution_time_control": 103.33037495613098,
  "total_time": 103.77984690666199
}