{
  "initialization_time_control": 0.4580650329589844,
  "execution_time_control": 98.8242461681366,
  "total_time": 99.28231120109558
}