{
  "initialization_time_control": 0.4585878849029541,
  "execution_time_control": 472.068146944046,
  "total_time": 472.526734828949
}