{
  "initialization_time_control": 0.46845221519470215,
  "execution_time_control": 170.7659080028534,
  "total_time": 171.2343602180481
}