{
  "initialization_time_control": 0.45601320266723633,
  "execution_time_control": 175.2491340637207,
  "total_time": 175.70514726638794
}