{
  "initialization_time_control": 0.49185800552368164,
  "execution_time_control": 123.43614196777344,
  "total_time": 123.92799997329712
}