{
  "initialization_time_control": 0.47762393951416016,
  "execution_time_control": 120.09072518348694,
  "total_time": 120.5683491230011
}