{
  "initialization_time_control": 0.4494049549102783,
  "execution_time_control": 360.7317039966583,
  "total_time": 361.1811089515686
}