{
  "initialization_time_control": 0.4755089282989502,
  "execution_time_control": 170.8459529876709,
  "total_time": 171.32146191596985
}