{
  "initialization_time_control": 0.49003005027770996,
  "execution_time_control": 481.55421900749207,
  "total_time": 482.0442490577698
}