{
  "initialization_time_control": 0.4613618850708008,
  "execution_time_control": 99.39704704284668,
  "total_time": 99.85840892791748
}