{
  "initialization_time_planning": 0.504702091217041,
  "execution_time_planning": 69.0515308380127,
  "total_time": 69.55623292922974
}