{
  "initialization_time_control": 0.45196104049682617,
  "execution_time_control": 94.64110279083252,
  "total_time": 95.09306383132935
}