{
  "initialization_time_control": 0.5850129127502441,
  "execution_time_control": 58.952476024627686,
  "total_time": 59.53748893737793
}