{
  "initialization_time_control": 0.45244789123535156,
  "execution_time_control": 161.8817799091339,
  "total_time": 162.33422780036926
}