{
  "initialization_time_control": 0.44992804527282715,
  "execution_time_control": 71.51834797859192,
  "total_time": 71.96827602386475
}