{
  "initialization_time_control": 0.45650315284729004,
  "execution_time_control": 235.82095003128052,
  "total_time": 236.2774531841278
}