{
  "initialization_time_planning": 0.50341796875,
  "execution_time_planning": 83.0311348438263,
  "total_time": 83.5345528125763
}