{
  "initialization_time_planning": 0.516571044921875,
  "execution_time_planning": 84.39839696884155,
  "total_time": 84.91496801376343
}