{
  "initialization_time_planning": 0.5090560913085938,
  "execution_time_planning": 96.73044991493225,
  "total_time": 97.23950600624084
}