{
  "initialization_time_planning": 0.514441967010498,
  "execution_time_planning": 97.87415909767151,
  "total_time": 98.388601064682
}