{
  "initialization_time_planning": 0.49672913551330566,
  "execution_time_planning": 69.81002306938171,
  "total_time": 70.30675220489502
}