{
  "initialization_time_control": 0.46361589431762695,
  "execution_time_control": 361.27724409103394,
  "total_time": 361.74085998535156
}