{
  "initialization_time_control": 0.4576408863067627,
  "execution_time_control": 90.22376203536987,
  "total_time": 90.68140292167664
}