{
  "initialization_time_control": 0.45662903785705566,
  "execution_time_control": 276.94180607795715,
  "total_time": 277.3984351158142
}