{
  "initialization_time_control": 0.45206665992736816,
  "execution_time_control": 153.96063780784607,
  "total_time": 154.41270446777344
}