{
  "initialization_time_control": 0.458507776260376,
  "execution_time_control": 96.50421500205994,
  "total_time": 96.96272277832031
}