{
  "initialization_time_control": 0.4575541019439697,
  "execution_time_control": 89.67851209640503,
  "total_time": 90.136066198349
}