{
  "initialization_time_control": 0.4508359432220459,
  "execution_time_control": 286.2109377384186,
  "total_time": 286.6617736816406
}