{
  "initialization_time_control": 0.45261597633361816,
  "execution_time_control": 215.43511295318604,
  "total_time": 215.88772892951965
}