{
  "initialization_time_control": 0.45181918144226074,
  "execution_time_control": 67.30432391166687,
  "total_time": 67.75614309310913
}