{
  "initialization_time_control": 0.5739612579345703,
  "execution_time_control": 158.66818118095398,
  "total_time": 159.24214243888855
}