{
  "initialization_time_control": 0.5202410221099854,
  "execution_time_control": 101.00928592681885,
  "total_time": 101.52952694892883
}