{
  "initialization_time_control": 0.45243310928344727,
  "execution_time_control": 109.70209693908691,
  "total_time": 110.15453004837036
}