{
  "initialization_time_planning": 0.5271778106689453,
  "execution_time_planning": 83.6601791381836,
  "total_time": 84.18735694885254
}