{
  "initialization_time_planning": 0.523806095123291,
  "execution_time_planning": 82.86337995529175,
  "total_time": 83.38718605041504
}