{
  "initialization_time_planning": 0.5251059532165527,
  "execution_time_planning": 81.24451422691345,
  "total_time": 81.76962018013
}