{
  "initialization_time_planning": 0.5000557899475098,
  "execution_time_planning": 65.8927071094513,
  "total_time": 66.3927628993988
}