{
  "initialization_time_control": 0.45715904235839844,
  "execution_time_control": 104.59251523017883,
  "total_time": 105.04967427253723
}