{
  "initialization_time_control": 0.45133495330810547,
  "execution_time_control": 348.2120668888092,
  "total_time": 348.6634018421173
}