{
  "initialization_time_control": 0.46718311309814453,
  "execution_time_control": 125.27403283119202,
  "total_time": 125.74121594429016
}