{
  "initialization_time_control": 0.4565739631652832,
  "execution_time_control": 361.1001980304718,
  "total_time": 361.5567719936371
}