{
  "initialization_time_control": 0.4616081714630127,
  "execution_time_control": 130.7093939781189,
  "total_time": 131.1710021495819
}