{
  "initialization_time_planning": 0.4922139644622803,
  "execution_time_planning": 110.79935193061829,
  "total_time": 111.29156589508057
}