{
  "initialization_time_control": 0.47556495666503906,
  "execution_time_control": 143.48678493499756,
  "total_time": 143.9623498916626
}