{
  "initialization_time_control": 0.4940791130065918,
  "execution_time_control": 165.4955928325653,
  "total_time": 165.9896719455719
}