{
  "initialization_time_control": 0.4716808795928955,
  "execution_time_control": 312.5652997493744,
  "total_time": 313.0369806289673
}