{
  "initialization_time_control": 0.4761960506439209,
  "execution_time_control": 188.6562261581421,
  "total_time": 189.132422208786
}