{
  "initialization_time_control": 0.4736781120300293,
  "execution_time_control": 76.5612120628357,
  "total_time": 77.03489017486572
}