{
  "initialization_time_control": 0.4696791172027588,
  "execution_time_control": 64.375009059906,
  "total_time": 64.84468817710876
}