{
  "initialization_time_control": 0.49059295654296875,
  "execution_time_control": 71.91223001480103,
  "total_time": 72.402822971344
}