{
  "initialization_time_control": 0.48435497283935547,
  "execution_time_control": 268.6898910999298,
  "total_time": 269.17424607276917
}