{
  "initialization_time_control": 0.4929013252258301,
  "execution_time_control": 197.65271377563477,
  "total_time": 198.1456151008606
}