{
  "initialization_time_control": 0.47852301597595215,
  "execution_time_control": 103.71903896331787,
  "total_time": 104.19756197929382
}