{
  "initialization_time_control": 0.4828982353210449,
  "execution_time_control": 129.58406782150269,
  "total_time": 130.06696605682373
}