{
  "initialization_time_control": 0.4694478511810303,
  "execution_time_control": 220.34000492095947,
  "total_time": 220.8094527721405
}