{
  "initialization_time_control": 0.4709169864654541,
  "execution_time_control": 83.92550611495972,
  "total_time": 84.39642310142517
}