{
  "initialization_time_control": 0.4703099727630615,
  "execution_time_control": 101.87218809127808,
  "total_time": 102.34249806404114
}