{
  "initialization_time_control": 0.4683499336242676,
  "execution_time_control": 252.0149221420288,
  "total_time": 252.48327207565308
}