{
  "initialization_time_control": 0.4706299304962158,
  "execution_time_control": 136.99892497062683,
  "total_time": 137.46955490112305
}