{
  "initialization_time_control": 0.4660501480102539,
  "execution_time_control": 85.40721797943115,
  "total_time": 85.8732681274414
}