{
  "initialization_time_control": 0.4793570041656494,
  "execution_time_control": 218.17218923568726,
  "total_time": 218.6515462398529
}