{
  "initialization_time_control": 0.4819638729095459,
  "execution_time_control": 126.81973028182983,
  "total_time": 127.30169415473938
}