{
  "initialization_time_control": 0.46303486824035645,
  "execution_time_control": 99.7697229385376,
  "total_time": 100.23275780677795
}