{
  "initialization_time_control": 0.47464871406555176,
  "execution_time_control": 158.77548217773438,
  "total_time": 159.25013089179993
}