{
  "initialization_time_control": 0.5037341117858887,
  "execution_time_control": 92.6162941455841,
  "total_time": 93.12002825737
}