{
  "initialization_time_control": 0.4641001224517822,
  "execution_time_control": 121.6952531337738,
  "total_time": 122.15935325622559
}